,precision,recall,f1-score,support
Real,0.7536231884057971,0.9629629629629629,0.8455284552845529,54.0
Fake,0.9512195121951219,0.6964285714285714,0.8041237113402062,56.0
accuracy,0.8272727272727273,0.8272727272727273,0.8272727272727273,0.8272727272727273
macro avg,0.8524213503004595,0.8296957671957672,0.8248260833123795,110.0
weighted avg,0.8542176805167261,0.8272727272727273,0.8244496765492492,110.0
